{"menu":"[{\"id\":\"370\",\"title\":\"\\u7f51\\u7ad9\\u4e3b\\u9875\",\"pid\":\"0\",\"sort\":\"0\",\"url\":\"Home\\\/config\",\"hide\":\"1\",\"tip\":\"\",\"group\":\"\",\"is_dev\":\"0\",\"icon\":\"home\",\"module\":\"Home\",\"_\":[{\"id\":\"371\",\"title\":\"\\u57fa\\u672c\\u8bbe\\u7f6e\",\"pid\":\"370\",\"sort\":\"0\",\"url\":\"Home\\\/config\",\"hide\":\"0\",\"tip\":\"\",\"group\":\"\\u8bbe\\u7f6e\",\"is_dev\":\"0\",\"icon\":\"\",\"module\":\"Home\",\"_\":null}]}]","default_rule":"[\"deleteLocalComment\"]","auth_rule":"[{\"id\":\"297\",\"module\":\"Home\",\"type\":\"1\",\"name\":\"deleteLocalComment\",\"title\":\"\\u5220\\u9664\\u672c\\u5730\\u8bc4\\u8bba\",\"status\":\"1\",\"condition\":\"\"}]","action":null,"action_limit":null}